Todas;Selecionada
Desobedecer às ordens emanadas da autorid compet de trânsito ou de seus agentes;Sim
Ultrapassar pela contramão nos viadutos;Sim
Transitar com o veículo em marcas de canalização;Sim
Dirigir veículo utilizando-se de telefone celular;Sim
Ultrap pela direita veíc transp colet/escolar parado para emb/desemb passageiros;Sim
Promover na via eventos organizados sem permissão;Sim
Ultrapassar pela contramão veículo parado em fila junto a cancela/porteira;Sim
Deixar de reduzir a velocidade à aproximação de animais na pista;Sim
Deixar de reduzir a velocidade nas proximidades de hospitais;Sim
Promover na via competição sem permissão;Sim
Transitar pela contramão de direção em via c/ sinalização de regul sentido único;Sim
Deixar de parar o veículo antes de transpor linha férrea;Sim
Transitar na faixa/pista da esquerda regul circulação exclusiva determ veículo;Sim
Executar operação de retorno passando por cima de canteiro de divisor de pista;Sim
Transitar com o veículo em canteiros centrais;Sim
Ultrapassar em interseções;Sim
Conduzir motocicleta/motoneta/ciclomotor sem segurar o guidom com ambas as mãos;Sim
Deixar de reduzir a velocidade sob chuva/neblina/cerração/ventos fortes;Sim
Transitar na faixa/pista da direita regul circulação exclusiva determ veículo;Sim
Conduzir motoc/moton/ciclomotor fazendo malabarismo/equilibrando-se em uma roda;Sim
Fazer uso do facho de luz alta dos faróis em vias providas de iluminação pública;Sim
Ultrap pela direita veíc de transp coletivo parado para emb/desemb passageiros;Sim
Disputar corrida;Sim
Dirigir o veículo utilizando-se de fones nos ouvidos conectados a aparelhagem so;Sim
Executar retorno c/prejuízo da circulação/segurança ainda que em local permitido;Sim
Promover na via exibição e demonstração de perícia em manobra de veículo s/perm;Sim
Executar operação de retorno nos aclives ou declives;Sim
Transitar com o veículo em canteiros centrais/divisores de pista de rolamento;Sim
Transitar com o veículo desengrenado em declive;Sim
Ultrapassar pela contramão veículo parado em fila junto a cruzamento;Sim
Deixar o passageiro de usar o cinto segurança;Sim
Promover na via exibição e demonstração de perícia em manobra de veículo;Sim
Confiar/entregar veíc pess c/ estado físico/psíquico s/ condições dirigir segur;Sim
Avançar o sinal de parada obrigatória;Sim
Deixar de reduzir veloc qdo pavimento se apresentar escorreg/defeituoso/avariado;Sim
Forçar passagem entre veícs trans sent opostos na iminência realiz ultrapassagem;Sim
Executar operação de conversão à esquerda em local proibido pela  sinalização;Sim
Deixar guardar dist segurança lat/front entre seu veíc e demais e ao bordo pista;Sim
Transitar com o veículo em passarelas;Sim
Ultrapassar pela direita salvo quando o veículo da frente estiver colocado na fa;Sim
Dirigir veiculo segurando telefone celular;Sim
Deixar de conservar nas faixas da direita o veículo lento e de maior porte;Sim
Utilizar-se de veículo para demonstrar ou exibir manobra perigosa;Sim
Executar operação de conversão a direita ou a esquerda em locais proibidos pela;Sim
Ultrapassar em passagem de nível;Sim
Utiliz veíc dem/exibir manob perig med derrap/frenag c/desliz/arrast pneus;Sim
Dirigir veiculo manuseando telefone celular;Sim
Conduzir motocicleta/motoneta/ciclomotor transportando pas. fora do assento;Sim
Ultrapassar veículo em movimento que integre cortejo/desfile/formação militar;Sim
Transitar na faixa ou via exclusiva regulam. p/ transp. públ. coletivo passageir;Sim
Deixar o condutor de usar o cinto segurança;Sim
Transitar com o veículo em acostamentos;Sim
Ultrapassar veíc motorizados em fila parados em razão de bloqueio viário parcial;Sim
Transitar com o veículo desligado em declive;Sim
Executar operação de retorno nos túneis;Sim
Ultrapassar pela contramão nas pontes;Sim
Utiliz veíc demonst/exibir manobra perig/arrancada brusca/derrapagem ou frenagem;Sim
Evadir-se da cobrança pelo uso de rodovias e viasurbanas para nao efetuar seu pagamento;Sim
Evadir-se para não efetuar o pagamento do pedágio;Sim
Dirigir sem atenção ou sem os cuidados indispensáveis à segurança;Sim
Deixar de reduzir a veloc onde o trânsito esteja sendo controlado pelo agente;Sim
Transitar na faixa ou via exclusiva regulam. p/ transp. públ. coletivo passageiro;Sim
Deixar de conservar o veículo na faixa a ele destinada pela sinalização de regul;Sim
Ultrapassar pela contramão outro veículo parado em fila junto a qualquer outro i;Sim
Transitar em velocidade superior à máxima permitida em mais de 50%;Sim
Executar operação de retorno em locais proibidos pela sinalização;Sim
Transitar pela contramão de direção em via com duplo sentido de circulação;Sim
Deixar de reduzir veloc de forma compatível c/ segurança ao ultrapassar ciclista;Sim
Ultrapassar pelo acostamento;Sim
Participar na via como condutor em eventos organizados sem permissão;Sim
Executar operação de conversão à esquerda em local proibido pela sinalização;Sim
Utilizar-se de veículo para demonstrar ou exibir arrancada brusca;Sim
Transitar com o veículo em desacordo com as especificações e com falta de inscri;Sim
Ultrapassar pela contramão outro veículo nos declives sem visibilidade suficient;Sim
Entrar/sair área lindeira sem precaução com a segurança de pedestres e veículos;Sim
Avançar o sinal vermelho do semáforo;Sim
Ultrapassar pela contramão nas curvas sem visibilidade suficiente;Sim
Deixar de reduzir a velocidade quando houver má visibilidade;Sim
Transitar em velocidade superior à máxima permitida em mais de 20% até 50%;Sim
Ultrapassar pela contramão outro veículo parado em fila junto a sinais luminosos;Sim
Transitar em velocidade superior à máxima permitida em até 20%;Sim
Conduzir ciclo sem segurar o guidom com ambas as mãos;Sim
Deixar de reduzir a velocidade do veículo de forma compatível com a segurança do;Sim
Deixar de dar passagem pela esquerda quando solicitado;Sim
Executar operação de conversão à direita em local proibido pela sinalização;Sim
Deixar de reduzir veloc na proxim estação embarque/desembarque passageiros;Sim
Dirigir o veículo com o braço do lado de fora;Sim
Dirigir ameaçando os pedestres que estejam atravessando a via pública ou os dema;Sim
Deixar de reduzir a velocidade do veículo ao aproximar-se do acostamento;Sim
Conduzir ciclo fazendo malabarismo ou equilibrando-se em uma roda;Sim
Entrar/sair de fila de veículos estacionados sem dar pref a pedestres/veículos;Sim
Ultrapassar pela contramão veículo parado em fila junto sinal luminoso;Sim
Ultrapassar outro veículo em interseções e passagens de nível;Sim
Executar operação de retorno passando por cima de faixa de veíc não motorizados;Sim
Dirigir o veículo utilizando-se de fones nos ouvidos conec a aparelhagem sonora;Sim
Embarcar no veículo produtos incompatíveis entre si;Sim
Deixar de reduzir veloc onde haja intensa movimentação de pedestres;Sim
Deixar de reduzir veloc ao aproximar local sinaliz advert de obras/trabalhadores;Sim
Transitar em veloc super à máx permitida em até de 50%;Sim
Executar operação de retorno nas curvas;Sim
Executar operação de retorno passando por cima de ajardinamento;Sim
Executar operação de retorno nas pontes;Sim
Avançar o sinal vermelho do semáforo -fiscalização eletrônica;Sim
Executar operação de retorno nos viadutos;Sim
Deixar de reduzir a veloc qdo se aproximar de passeata/aglomeração/desfile/etc;Sim
Transitar em veloc super à máx permitida em mais de 50%;Sim
Ultrapassar pela contramão veíc parado em fila junto qq impedimento à circulação;Sim
Executar operação de retorno passando por cima de faixa de pedestres;Sim
Deixar de reduzir a velocidade do veículo ao aproximar-se da guia da calçada;Sim
Ultrapassar pela contramão nas faixas de pedestre;Sim
Deixar de reduzir velocidade do veículo ao aproximar-se interseção ñ sinalizada;Sim
Conduzir ciclo transportando passageiro fora da garupa/assento a ele destinado;Sim
Conduzir pessoas nas partes externas do veículo;Sim
Deixar de reduzir a velocidade nas proximidades de escolas;Sim
Ultrapassar pela contramão nos túneis;Sim
Utiliz veíc demonst/exibir manobra perigosa mediante arrancada brusca;Sim
Dirigir ameaçando os demais veículos;Sim
Disputar corrida por espírito de emulação;Sim
Utilizar-se de veículo para demonstrar ou exibir derrapagem ou frenagem;Sim
Deixar reduzir velocidade nas vias rurais cuja faixa domínio não esteja cercada;Sim
Dirigir ameaçando os pedestres que estejam atravessando a via pública;Sim
Avançar o sinal vermelho do semáforo ou da parada obrigatória;Sim
Deixar de reduzir a velocidade nos trechos em curva de pequeno raio;Sim
Deixar o condutor ou passageiro de usar o cinto de segurança;Sim
Permitir posse/condução do veículo a pessoa sem CNH/PPD/ACC;Não
Conduzir carga nas partes externas do veículo;Não
Rec sub test,ex clin, peric ou proc q perm cert infl alc/sub. psic for art.277;Não
Dirigir sob a influência de álcool;Não
Conduzir motocicleta, motoneta e ciclomotor transportando passageiro s/ capacete;Não
Conduzir o veículo com descarga livre;Não
Conduzir o veículo c/ equip do sistema de iluminação e de sinalização alterados;Não
Dirigir o veíc usando calçado que ñ se firme nos pés/comprometa utiliz pedais;Não
Dirigir veículo com CNH de categoria diferente da do veículo;Não
Transportar em veíc destinado transp passageiros carga excedente desac art.109;Não
Deixar o condutor envolvido em acidente s/ vítima, de remover o veículo do local;Não
Em movimento, deixar de manter acesa a luz baixa durante à noite;Não
Parar na pista de rolamento das rodovias;Não
Conduzir o veículo com equipamento obrigatório ineficiente ou inoperante;Não
Deixar de indicar c/ antec, med gesto de braço/luz indicadora, mudança de faixa;Não
Em movimento de dia, deixar de manter acesa luz baixa nas rodovias.;Não
Ter seu veículo imobilizado na via por falta de combustível;Não
Conduzir o veíc c/ com defeito no sist de iluminação, sinaliz ou lâmpadas queimadas;Não
Conduzir o veículo sem equipamento obrigatório;Não
Conduzir o veículo em mau estado de conservação, comprometendo a segurança;Não
Conduzir o veíc de carga c/ falta inscrição da tara e demais previstas no CTB;Não
Conduzir o veículo com equip obrigatório em desacordo com o estab pelo Contran;Não
Conduzir o veículo que não esteja registrado;Não
Dirigir veículo sem possuir CNH/PPD/ACC;Não
Portar no veículo placas de identificação em desacordo c/ especif/modelo Contran;Não
Ultrapassar pela contramão linha de divisão de fluxos opostos, contínua amarela;Não
Deixar de dar preferência nas interseções com sinalização de Dê a Preferência;Não
Conduzir o veículo com qualquer outro elem de identificação violado/falsificado;Não
Transitar com o veículo com lotação excedente;Não
Permitir posse/condução veíc pessoa com CNH/PPD/ACC c/ susp. direito de dirigir;Não
Transitar com o veículo em ilhas, refúgios;Não
Conduzir motocicleta, motoneta e ciclomotor com os faróis apagados;Não
Usar veículo para, deliberadamente, restringir a circulação na via;Não
Transitar com veículo derramando a carga que esteja transportando;Não
Dirigir o veículo com apenas uma das mãos, exceto quando permitido pelo CTB;Não
Conduzir motoc/moton/ efetuando transp remun mercadoria desac c/ art 139-A CTB;Não
Transitar com o veículo em calçadas, passeios;Não
Entregar veículo a pessoa sem CNH/PPD/ACC;Não
Permitir posse/condução do veíc a pessoa com CNH/PPD vencida há mais de 30 dias;Não
Permitir posse/condução veíc a pessoa com CNH categoria diferente da do veículo;Não
Conduzir o veículo transportando passageiros em compartimento de carga;Não
Conduzir o veículo com o selo violado/falsificado;Não
Falsificar ou adulterar documento de habilitação;Não
Ultrapassar veículos motorizados em fila, parados em razão de sinal luminoso;Não
Transitar em local/horário não permitido pela regul estabelecida pela autoridade;Não
Fazer/deixar que se faça reparo em veíc nas vias (q não rodovia/transito rapido);Não
Estacionar em desacordo com a regulamentação - vaga de carga/descarga;Não
Deixar de manter ligado em emerg sist ilum vermelha intermitente ainda q parado;Não
Deixar de parar no acostamento à direita, p/ cruzar pista ou entrar à esquerda;Não
Conduzir o veículo com qualquer uma das placas sem legibilidade e visibilidade;Não
Conduzir o veículo com o lacre de identificação violado/falsificado;Não
Conduzir o veículo com a placa violada/falsificada;Não
Transitar efetuando transporte remunerado de pessoas qdo nao licenciado p/esse fim;Não
Dirigir veículo sem usar lentes corretoras de visão;Não
Estacionar nos acostamentos;Não
Conduzir o veículo com característica alterada;Não
Entregar veículo a pessoa com CNH de categoria diferente da do veículo;Não
Estacionar no passeio;Não
Transitar com o veículo em ajardinamentos, gramados, jardins públicos;Não
Permitir posse/condução veíc a pessoa com PPD categoria diferente da do veículo;Não
Transitar em marcha ré, salvo na distância necessária a pequenas manobras;Não
Conduzir o veículo com silenciador de motor defeituoso/deficiente/inoperante;Não
Dirigir sob a influência de qquer substância psicoativa que deter. dependência;Não
Conduzir veíc c/ registrador instan inalt de velocidade/tempo viciado/defeituoso;Não
Estacionar na contramão de direção;Não
Estacionar na pista de rolamento das rodovias;Não
Conduzir veíc com vidro total/parcialmente coberto por película, painéis/pintura;Não
Rebocar outro veículo com cabo flexível ou corda;Não
Transportar criança sem observância das normas de segurança estabelecidas p/ CTB;Não
Dirigir o veículo com incapacidade física ou mental temporária;Não
Conduzir motoc/moton/ transportando carga em desacordo c/ § 2º do Art 139-A CTB;Não
Transitar c/ veíc e/ou carga c/ dimensões superiores limite legal s/ autorização;Não
Deixar o cond envolvido em acid, de adotar provid p/ evitar perigo p/o trânsito;Não
Deixar de dar preferência a pedestre/veic ñ motorizado na faixa a ele destinada;Não
Dirigir veículo com CNH/PPD/ACC cassada;Não
Dirigir veículo s/ adaptações impostas na concessão/renovação licença conduzir;Não
Deixar de sinalizar via p/ tornar visível local qdo tiver remover veíc da pista;Não
Dirigir veículo com validade de CNH/PPD vencida há mais de 30 dias;Não
Estacionar na pista de rolamento das vias dotadas de acostamento;Não
Atirar do veículo objetos ou substâncias;Não
Deixar o cond envolvido em acidente, de preservar local p/ trab policia/pericia;Não
Executar operação de retorno passando por cima de ilha, refúgio;Não
Deixar de deslocar c/antecedência veíc p/ faixa mais à direita qdo for manobrar;Não
Estacionar sobre faixa destinada a pedestre;Não
Deixar o cond envolvido em acid, de identificar-se policial e prestar inf p/o BO;Não
Dirigir veículo com PPD de categoria diferente da do veículo;Não
Em movimento, deixar de manter a placa traseira iluminada à noite;Não
Deixar de dar preferência em interseção ñ sinaliz, a veíc circulando por rodovia;Não
Ultrapassar pela contramão nos aclives ou declives, sem visibilidade suficiente;Não
Conduzir o veículo com equipamento ou acessório proibido;Não
Conduzir o veículo com a cor alterada;Não
Deixar de sinalizar a via p/ tornar visível o local qdo permanecer acostamento;Não
Fazer ou deixar que se faça reparo em veíc, em rodovia e via de trânsito rápido;Não
Permitir posse/condução do veículo a pessoa sem usar lentes corretoras de visão;Não
Conduzir o veículo reprovado na avaliação de inspeção de segurança;Não
Transpor bloqueio viário policial;Não
Usar buzina que não a de toque breve como advertência a pedestre ou condutores;Não
Transpor bloqueio viário com ou sem sinalização ou dispositivos auxiliares;Não
Conduzir o veículo com dispositivo anti-radar;Não
Estacionar na área de cruzamento de vias;Não
Transitar em desacordo c/ autorização expedida p/veículo c/ dimensões excedentes;Não
Seguir veículo em serv urgência devid identific p/ alarme sonoro/ilum vermelha;Não
Transitar com o veículo em ciclovias, ciclofaixas;Não
Deixar de dar passagem a ambulância em serviço de urgência devid identificada;Não
Parar em local/horário proibidos especificamente pela sinalização;Não
Conduzir o veículo sem qualquer uma das placas de identificação;Não
Permitir posse/condução do veículo a pessoa com CNH/PPD/ACC cassada;Não
Transitar com o veículo com excesso de peso PBT/PBTC;Não
Dirigir veículo com CNH/PPD/ACC com suspensão do direito de dirigir;Não
Conduzir veículo sem os documentos de porte obrigatório referidos no CTB;Não
Conduzir motocicleta, motoneta e ciclomotor sem capacete de segurança;Não
Estacionar nas vagas reserv a idosos s/ credencial;Não
Estacionar ao lado ou sobre canteiro central/divisores de pista de rolamento;Não
Permitir posse/cond veíc s/ adaptações impostas concessão/renovação licença cond;Não
Ultrapassar veículos motorizados em fila, parados em razão de qualquer obstáculo;Não
Estacionar em desacordo com a regulamentação - estacionamento rotativo;Não
Estacionar em local/horário proibido especificamente pela sinalização;Não
Em movimento de dia, deixar de manter acesa luz baixa nos túneis com iluminação pública.;Não
Entregar veículo a pessoa com CNH/PPD/ACC cassada;Não
Executar retorno nas interseções, entrando na contramão da via transversal;Não
Conduzir motoc/moton/ efet transp remun desac normas ativid profic mototaxistas;Não
Deixar de dar passagem a veíc de operação e fiscalização de trânsito devid ident;Não
Estacionar nas ilhas ou refúgios;Não
Conduzir veículo s/ ter sido submetido à inspeção seg veicular, qdo obrigatória;Não
Transitar com o veículo excedendo a CMT acima de 1.000 kg;Não
Estacionar o veículo em locais e horários de estacionamento e parada proibida pela sinalização;Não
Em movimento, deixar de manter acesa luz baixa do ciclomotor;Não
Estacionar na pista de rolamento das estradas;Não
Conduzir motocicleta/motoneta/ciclomotor transportando criança menor de 7 anos;Não
Deixar de indicar c/ antec, med gesto de braço/luz indicadora, mudança direção;Não
Em mov deixar de manter acesas luzes de posição sob chuva forte/neblina/cerração;Não
Conduzir motocicleta, motoneta e ciclomotor sem vestuário aprovado pelo Contran;Não
Estacionar nas esquinas e a menos de 5m do alinhamento da via transversal;Não
Parar no passeio;Não
Entregar veículo a pessoa com CNH/PPD/ACC c/ susp. do direito de dirigir;Não
Ultrapassar veículos motorizados em fila, parados em razão de cancela;Não
Estacionar nos túneis;Não
Estacionar aclive/declive ñ freado e sem calço segurança, PBT superior a 3500kg;Não
Parar nas marcas de canalização;Não
Em mov, deixar de manter acesa luz baixa veíc transp coletivo faixa/pista excl;Não
Executar operação de retorno passando por cima de calçada, passeio;Não
Deixar o cond envolvido em acidente, de prestar ou providenciar socorro a vítima;Não
Estacionar na pista de rolamento das vias de trânsito rápido;Não
Estacionar em desacordo com as posições estabelecidas no CTB;Não
Deixar de dar passagem a veíc socorro incêndio/salv serv urgência devid identif;Não
Parar na pista de rolamento das estradas;Não
Transitar com o veículo danificando a via, suas instalações e equipamentos;Não
Deixar de reduzir a velocidade de forma compatível com a segurança, em declive;Não
Deixar de indicar c/ antec, med gesto de braço/luz indicadora, início da marcha;Não
Retirar do local veículo legalmente retido para regularização, sem permissão;Não
Parar na contramão de direção;Não
Parar na pista de rolamento das demais vias dotadas acostamento;Não
Deixar de adentrar às áreas destinadas à pesagem de veículos;Não
Trans c/veíc desac c/especificação/falta de inscr/simbologia necessária identif;Não
Transitar com veículo lançando a carga que esteja transportando;Não
Conduzir motoc/moton/ciclom transp criança s/ condição cuidar própria segurança;Não
Estacionar em guia de calçada rebaixada destinada à entrada/saída de veículos;Não
Conduzir motocicleta, motoneta e ciclomotor rebocando outro veículo;Não
Estacionar impedindo a movimentação de outro veículo;Não
Parar na área de cruzamento de vias;Não
Transitar com farol desregulado perturbando visão outro condutor;Não
Transitar c/veíc derraman/lançando/arrastando objeto possa acarretar risco acidente;Não
Transitar com veíc derramando/lançando combustível/lubrif que esteja utilizando;Não
Conduzir o veículo com a inscrição do chassi violada/falsificada;Não
Transitar c/ veíc e/ou carga c/ dimensões superiores est p/sinalização s/autoriz;Não
Permitir posse/condução do veículo a pessoa sem usar aparelho de prótese física;Não
Usar veículo para arremessar sobre os pedestres água ou detritos;Não
Estacionar em desacordo com a regulamentação - ponto ou vaga de táxi;Não
Usar no veíc alarme/aparelho produz som perturbe sossego púb desac norma Contran;Não
Parar nas ilhas ou refúgios;Não
Transitar ao lado de outro veículo, interrompendo ou perturbando o trânsito;Não
Utilizar luz alta e baixa intermitente, exceto quando permitido pelo CTB;Não
Deixar o cond envolvido em acid, de remover o veíc local qdo determ polic/agente;Não
Falsificar ou adulterar documento de identificação do veículo;Não
Transitar efetuando transporte remunerado de bens qdo nao licenciado p/ esse fim;Não
Deixar de indicar c/ antec, med gesto de braço/luz indicadora, manobra de parar;Não
Parar nos canteiros centrais/divisores de pista de rolamento;Não
Dirigir o veículo transport animais à sua esquerda ou entre os braços e pernas;Não
Abandonar na via objetos ou substâncias;Não
Parar na pista de rolamento das vias de trânsito rápido;Não
Dirigir o veículo transport volume à sua esquerda ou entre os braços e pernas;Não
Dirigir veículo sem usar aparelho auxiliar de audição;Não
Deixar de guardar a distância lateral de 1,50m ao passar/ultrapassar bicicleta;Não
Conduzir motocicleta, motoneta e ciclomotor transportando carga incompatível;Não
Transitar com veículo arrastando a carga que esteja transportando;Não
Estacionar nas vagas reserv as pess c/ deficiencia s/ credencial;Não
Recusar-se a entregar CNH/CRV/CRLV/ outros documentos;Não
Transitar com autorização vencida, expedida p/ veículo c/ dimensões excedentes;Não
Estacionar ao lado de outro veículo em fila dupla;Não
Bloquear a via com veículo.;Não
Transitar com o veículo excedendo a CMT em até 600 kg;Não
Deixar de dar preferência a pedestre/veic ñ mot que ñ haja concluído a travessia;Não
Parar sobre faixa de pedestres na mudança de sinal luminoso;Não
Entregar veíc pessoa s/ adaptações impostas concessão/renovação licença conduzir;Não
Deixar de manter acesas à noite as luzes posição qdo o veículo estiver parado;Não
Estacionar sobre ciclovia ou ciclofaixa;Não
Deixar de dar passagem a veíc precedido de batedores devidamente identificados;Não
Deixar de deslocar c/antecedência veíc p/ faixa mais à esquerda qdo for manobrar;Não
Estacionar nas pontes;Não
Conduzir o veículo sem portar a autorização para condução de escolares;Não
Transitar com veículo produzindo fumaça, gases ou partículas em desac c/ Contran;Não
Estacionar em desacordo com a regulamentação - vaga de curta duração;Não
Utilizar o pisca-alerta, exceto em imobilizações ou situações de emergência;Não
Parar em desacordo com as posições estabelecidas no CTB;Não
Parar sobre faixa destinada a pedestres;Não
Usar qq veiculo para, delib, interromper circulação na via sem aut do orgão;Não
Dirigir o veículo transport pessoas à sua esquerda ou entre os braços e pernas;Não
Participar como condutor exib/demonst perícia em manobra de veic, s/ permissão;Não
Dirigir veículo realizando cobrança de tarifa com veículo em movimento.;Não
Parar nas pontes;Não
Entregar veículo a pessoa com PPD de categoria diferente da do veículo;Não
Conduzir c/ inscr/adesivo/legenda/símbolo pintado pára-brisa e extensão traseira;Não
Conduzir ciclomotor em rodovia salvo se houver acostamento ou faixa própria;Não
Transitar com o veículo excedendo a CMT entre 601 e 1.000 kg;Não
Usar buzina em desacordo c/ os padrões e frequências estabelecidas pelo Contran;Não
Entregar o veículo a pessoa sem usar lentes corretoras de visão;Não
Usar veículo para arremessar sobre os veículos água ou detritos;Não
Usar qq veiculo para, delib, restringir circulação na via sem aut do orgão;Não
Deixar de dar preferência a pedestre/veic ñ mot qdo iniciada travessia s/sinaliz;Não
Estacionar afastado da guia da calçada (meio-fio) a mais de 1m;Não
Transitar com o veículo excedendo a CMT acima de 1.0000 kg;Não
Dirigir veículo sem possuir CNH ou Permissão para Dirigir;Não
Dirigir veículo sem usar aparelho auxiliar de prótese física;Não
Parar nos viadutos;Não
Conduzir ciclo transportando carga incompatível;Não
Deixar de dar preferência em interseção ñ sinaliz, veíc circulando por rotatória;Não
Conduzir animais nas partes externas do veículo;Não
Transitar com o veículo com excesso de peso - Por Eixo;Não
Transitar em velocidade inferior à metade da máxima da via, salvo faixa direita;Não
Conduzir o veículo sem acionar o limpador de pára-brisa sob chuva;Não
Estacionar nos viadutos;Não
Conduzir o veículo registrado que não esteja devidamente licenciado;Não
Parar afastado da guia da calçada (meio-fio) a mais de 1m;Não
Deixar de dar preferência a pedestre port deficiência fís/criança/idoso/gestante;Não
Deixar de manter acesas à noite as luzes de posição veic fazendo carga/descarga;Não
Parar nas esquinas e a menos 5m do bordo do alinhamento da via transversal;Não
Deixar de sinalizar a via p/ tornar visível o local qdo a carga for derramada;Não
Transitar em local/horário não permitido pela regulamentação -rodízio;Não
Parar sobre faixa de pedestres na mudança de sinal luminoso (fisc eletrônica);Não
Condutor que se recusar a se submeter a qualquer dos proc prev no art. 277 do CT;Não
Estacionar o veículo em locais e horários de estacionamento e parada proibida p;Não
Conduzir o veíc c/ com defeito no sist de iluminação, sinaliz ou lâmpadas queima;Não
Deixar de dar preferência a pedestre/veic não mot atravessando a via transversal;Não
Transitar em local/horário não permitido pela regulamentação - caminhão;Não
Deixar de dar prefer em interseção não sinalizada, a veículo que vier da direita;Não
Transitar com o veículo com excesso de peso - PBT/PBTC e Por Eixo;Não
Usar buzina em locais e horários proibidos pela sinalização;Não
Conduzir ciclo em via de trânsito rápido/rodovia sem  acostamento/faixa própria;Não
Organizar a conduta prevista no caput do art. 253-A;Não
Ultrapassar pela direita, salvo qdo veíc da frente der sinal p/ entrar esquerda;Não
Deixar de parar sempre que a marcha for interceptada por agrupamento de pessoas;Não
Deixar de parar sempre que a marcha for interceptada por agrupamento de veículos;Não
Transitar efetuando transporte remunerado de pessoas qdo ñ licenciado p/esse fim;Não
Permitir posse/condução do veículo a pessoa s/ usar aparelho auxiliar de audição;Não
Deixar de retirar qualquer objeto utilizado para sinalização temporária da via;Não
Deixar o cond de prestar socorro vítima acid de trânsito, qdo solicit p/ agente;Não
Usar qq veiculo para, delib, pertubar circulação na via sem aut do orgão;Não
Conduzir o veículo com cortinas ou persianas fechadas;Não
Permitir posse/condução do veículo a pessoa sem CNH ou PPD;Não
Estacionar afastado da guia da calçada (meio-fio) de 50cm a 1m;Não
Participar na via como condutor em competição esportiva, sem permissão;Não
Parar afastado da guia da calçada (meio-fio) de 50cm a 1m;Não
Transitar efetuando transporte remunerado de bens qdo não licenciado p/ esse fim;Não
Entregar o veículo a pessoa sem usar aparelho auxiliar de audição;Não
Entregar veículo a pessoa com CNH ou PPD com suspensão do direito de dirigir;Não
Permitir posse/condução do veículo a pessoa com CNH ou PPD cassada;Não
Dirigir veículo com CNH ou PPD cassada;Não
Entregar veículo a pessoa com CNH ou PPD cassada;Não
Permitir posse/condução veíc pessoa com CNH/PPD c/ suspensão direito de dirigir;Não
Entregar veículo a pessoa sem CNH ou Permissão para Dirigir;Não
Conduzir o veículo reprovado na avaliação de emissão de poluentes e ruído;Não
Dirigir veículo com CNH ou PPD com suspensão do direito de dirigir;Não
Usar veículo para, deliberadamente, perturbar a circulação na via;Não
Conduzir c/ inscr/adesivo/legenda/símbolo afixado pára-brisa e extensão traseira;Não
Conduzir ciclomotor via de trânsito rápido/rodovia s/ acostamento/faixa própria;Não
Conduzir ciclo transportando criança s/ condição de cuidar própria segurança;Não
Não fornecer ao Transport o envelope para o transporte;Não
Transportar produto perigoso s/ utilizar nas embalagens rótulos e painéis;Não
Não fornecer ao Transport a ficha de emergência;Não
Transitar com veículo com falta de simbologia necessária a sua identificação;Não
Conduzir o veículo com cor ou característica alterada;Não
Conduzir motocicleta/motoneta/ciclomotor c/capacete desac normas/espec Contran;Não
Transportar produto perigoso desacompanhado de ficha de emergência;Não
Adulterar documento de habilitação;Não
Transitar em local/horário não permitido pela regulamentação -veículo de carga;Não
Transitar com o veículo com excesso de peso;Não
Estacionar em desacordo com a regulamentação -ponto ou vaga de táxi;Não
Estacionar em desacordo com a regulamentação -vaga portador necessid especiais;Não
Falsificar documento de habilitação;Não
Transportar junto c/ produto perigoso, alimentos dest. ao consumo humano/animal;Não
Bloquear a via com veículo;Não
Conduzir o veículo com defeito no sistema de iluminação;Não
Transportar prod. perig. desacomp. de declaração de responsabilidade do expedid.;Não
Conduzir motocicleta/motoneta/ciclomotor transp.passag s/viseira/oculos protecao;Não
Não lançar no documento fiscal, as informações de que trata o item II do art. 22;Não
Parar nos divisores de pista de rolamento e marcas de canalização;Não
Transitar com o veículo em divisores de pista de rolamento, marcas de canaliz.;Não
Transportar prod. perig. desacomp. de certific. de capac. p/ transporte a granel;Não
Conduzir o veículo com lâmpadas queimadas;Não
Estacionar ao lado/sobre divisores de pista de rolamento/marcas de canalização;Não
Estacionar em desacordo com a regulamentação -estacionamento rotativo;Não
Embarcar produto perigoso não cte. do certificado de capacitação do veículo;Não
Parar nos túneis;Não
Deixar de conduzir pelo bordo pista em fila única veíc tração/propulsão humana;Não
Transitar c/ veíc derramando/lançando/arrastando qq objeto com risco de acidente;Não
Conduzir o veículo com vidros totalmente cobertos por película, painéis/pintura;Não
Conduzir o veículo com defeito no sistema de sinalização;Não
Estacionar ao lado ou sobre canteiro central;Não
Deixar de dar passagem a veíc socorro de incêndio em serv urgência devid identif;Não
Usar no veíc alarme q perturbe o sossego público, em desacordo normas do Contran;Não
Transportar produto perigoso desacompanhado de envelope para o transporte;Não
Confiar a direção de veículo a pessoa que, mesmo habilitada, por seu estado físi;Não
Ultrapassar veículos em fila, parados em razão de sinal luminoso, cancela, bloqu;Não
Não dar manutenção ao veículo ou ao seu equipamento;Não
Entregar a direção do veículo a pessoa que não possua CNH;Não
Fazer reparo em veículo na via pública, salvo nos casos de i;Não
Deixar de sinalizar obstáculo circulação/segurança calçada/pista-agravamento 5X;Não
Conduzir motocicleta, motoneta ciclomotor e ciclo fazendo malabarismo ou equilib;Não
Deixar de dar preferência de passagem em interseção não sinalizada, a veículo qu;Não
Utilizar-se do veículo para, em via pública, demonstrar ou exibir manobra perigo;Não
Estacionar o veículo onde houver sinalização horizontal deli;Não
Parar o veículo na área de cruzamento de vias, prejudicando a circulação de veíc;Não
Confec/distribuir/colocar veíc próprio/terceiro placa identif desacordo Contran;Não
Estacionar o veículo nos viadutos, pontes e túneis;Não
Dirigir o veículo transportando pessoas, animais ou volume à sua esquerda ou ent;Não
Permitir que tome posse do veículo automotor e passe a conduzi-lo na via, pessoa;Não
Parar os veículos nos viadutos, pontes e túneis;Não
Rebocar outro veículo com cabo flexível salvo em casos de emergência;Não
Parar o veículo no passeio, sobre faixa destinada a pedestre, nas ilhas, refúgio;Não
Estacionar ou parar com inobservância ao preceituado no artigo 14;Não
Conduzir bicicleta em passeios onde não seja permitida a circulação desta ou de;Não
Permitir posse/condução do veículo a pessoa com PPD cassada;Não
Usar indevidamente no veículo aparelho de alarme ou que produza sons e ruído que;Não
Permitir que tome posse do veículo e  passe a conduzi-lo na via a pessoa  sem us;Não
Transitar com o veículo na pista da direita regulamentada como de circulação exc;Não
Entregar a direção do veículo a pessoa com CNH ou Permissão para Dirigir cassada;Não
Para o veículo nos divisores de pistas de rolamento;Não
Entregar a direção do veículo a pessoa sem a licença para conduzir;Não
Estacionar o veículo ao lado de canteiros centrais;Não
Promover na via, competição esportiva, eventos organizados, exibição e demonstra;Não
Entregar a direção de veículo a pessoa que, mesmo habilitada, por seu estado fís;Não
Permitir posse/condução do veículo a pessoa com CNH cassada;Não
Conduzir o veículo em mau estado de conservação;Não
Transportar produto perigoso em veículo desprovido de equipamento p/ emergência;Não
Estacionar ao lado ou sobre gramado ou jardim público;Não
Transitar c/ veíc em desacordo c/ especificações necessárias a sua identificação;Não
Dirigir sob influência de substância psicoativa que determine dependência;Não
Transportar junto c/ produto perigoso, pessoas/embalagens destin. a estes bens;Não
Dirigir veículo com Permissão para Dirigir cassada;Não
Parar nos canteiros centrais;Não
Estacionar com inobservância ao artigo 14;Não
Transportar junto c/ produto perigoso, medicam. dest. ao consumo humano/animal;Não
Conduzir o veículo com defeito no sistema de iluminação/lâmpada queimada;Não
Participar na via como condutor em evento organizado, sem permissão;Não
Transitar c/veíc derraman/lançando/arrastando objeto possa acarretar risco acid;Não
Não dar imediata ciência da imobilização do veículo em caso de emergência;Não
Estacionar em desacordo com a regulamentação - Vaga portador necessidade especia;Não
Parar com inobservância ao artigo 14;Não
Transitar com o veículo excedendo a capacidade máxima de tração -gravíssima;Não
Não adotar em acidente providências constantes da ficha de emergência/envelope;Não
Dirigir sob influência de qualquer outra substância que determine dependência;Não
Estacionar em desacordo com a regulamentação-Vaga portador necessidade especiais;Não
Entregar veículo a pessoa com CNH vencida há mais de 30 dias;Não
Adulterar documento de identificação do veículo;Não
Não adotar em avaria as providências constantes da ficha de emergência/envelope;Não
Dirigir veículo com validade da CNH vencida há mais de 30 dias;Não
Conduzir motoc/moton/ciclom transp pass c/capacete desac normas/espec Contran;Não
Não dar imediata ciência da imobilização do veículo em caso de avaria;Não
Estacionar junto/sobre hidr de incêndio, reg de água/tampa de poço visit gal sub;Não
Permitir posse/condução do veículo a pessoa com CNH vencida há mais de 30 dias;Não
Dirigir veículo com CNH cassada;Não
Expedir produto perigoso mal acondicionado;Não
Transportar produto perigoso a granel que não conste do certific. de capacitação;Não
Conduzir motocicleta/motoneta/ciclomotor c/ capacete s/ viseira/óculos proteção;Não
Conduzir o veículo com defeito no sistema de sinalização/lâmpada queimada;Não
Transportar produto a granel sem utilizar o tacógrafo;Não
Usar no veíc aparelho produza som/ruído perturbe sossego públic desac c/ Contran;Não
Transitar com o veículo excedendo a CMT entre 601 e 1.0000 kg;Não
Transitar com o veículo excedendo a capacidade máxima de tração -grave;Não
Usar no veiculo equip c/ som em volume/frequencia nao autorizados pelo Contran;Não
Não dar manutenção ao equipamento;Não
Transportar produto perigoso em veículo desprovido de equip. de proteção indiv.;Não
Transportar produto perigoso s/ utilizar no veículo rótulos e painéis de segur.;Não
Embarcar produto perigoso em veículo que não disponha de equipam. de emergência;Não
Embarcar produto perigoso em veículo que não disponha de equipam. de prot. ind.;Não
Dirigir veículo com validade da CNH ou PPD vencida há mais de 30 dias;Não
Embarcar produto perigoso em veíc. que não esteja utilizando rótulos e painéis;Não
Estacionar em desacordo com a regulamentação -vaga de carga/descarga;Não
Quando o veíc estiver em movimento,deixar de manter acesa luz baixa,de dia,e tún;Não
Transportar produto perigoso a granel desprov. de certificado de capacit. válido;Não
Embarcar produto perigoso em veículo ou equipamento s/ condições de;Não
Conduzir o veículo c/ vidros parcialmente cobertos por película, painéis/pintura;Não
Conduzir veíc de transp passag ou carga em desacordo c/ as cond do art 67-A CTB;Não
Falsificar documento de identificação do veículo;Não
Não dar manutenção ao veículo;Não
Transitar com veículo com falta de inscrição necessária a sua identificação;Não
Transportar produto a granel e não apresentar disco a autoridade competente;Não
Transportar carga mal estivada;Não
Conduzir bicicleta em passeios onde não seja permitida a circulação desta;Não
Embarcar produto perigoso não cte. do certificado de capacitação do equipamento;Não
Circular s/ permissão em vias públicas transportando produto perigoso;Não
Expedir carga fracionada c/ embalagem externa desprovida dos rótulos de risco;Não
Parar no passeio/calçada;Não
Usar qualquer veículo para, deliberadamente, restringir, a circulação na via;Não
Usar qualquer veículo para, deliberadamente, interromper, a circulação na via;Não
Transportar produtos incompatíveis entre si, apesar de advertido pelo expedidor;Não
Usar qualquer veículo para, deliberadamente, perturbar, a circulação na via;Não
Transitar com o veículo excedendo a capacidade máxima de tração -média;Não
Transportar produtos cujas as embalagens se encontrem em más condições;Não
Em movimento de dia, deixar de manter acesa luz baixa nos túneis com iluminação;Não
Em movimento de dia, deixar de manter acesa luz baixa túnel com iluminação públ;Não
Entregar o veículo a pessoa sem aparelho de prótese física;Não
Deixar de sinalizar qualquer obstáculo a livre circulação, a segurança de veícul;Não
Não adotar em caso de acidente ou avaria, as providências constantes da ficha de;Não
Estacionar o veículo em desacordo com as condições regulamentadas especificament;Não
Conduzir o veículo com inscrições, adesivos, legendas e símbolos de caráter publ;Não
Deixar de deslocar com antecedência, o veículo para a faixa mais a esquerda ou m;Não
Deixar de efetuar registro de veículo no prazo de trinta dias;Não
Atirar do veículo ou abandonar na via pública objetos ou substâncias;Não
Embarcar produto perigoso não constante do certificado de capacitação do veículo;Não
Executar operação de retorno nas curvas, aclives, declives, pontes, viadutos e t;Não
Estacionar o veículo no passeio ou sobre a faixa destinada a pedestres, sobre ci;Não
Transitar com o veículo desligado ou desengrenado, em declive;Não
Deixar de indicar com antecedência, mediante gesto regulamentar de braço ou luz;Não
Embarcar produto perigoso em veículo que não disponha de conjunto de equipamento;Não
Fazer falsa declaração de domicílio para fins de registro/licenciamento;Não
Entregar a direção do veículo a pessoa com CNH ou Permissão para Dirigir de cate;Não
Colocar, em veículo de terceiros, placas de identificação não autorizadas pela r;Não
Dirigir veículo com CNH ou Permissão para Dirigir cassada ou com suspensão do di;Não
Transportar produto perigoso desacompanhado de ficha de emergência e envelope pa;Não
Não fornecer ao transportador a ficha de emergência e o envelope para o transpor;Não
Transitar com o veículo com as dimensões de sua carga superiores  aos limites es;Não
Estacionar o veículo na pista de rolamento das estradas, das rodovias, das vias;Não
Conduzir o veículo com defeito no sistema de iluminação de sinalização ou com lâ;Não
Parar o veículo na pista de rolamento das estradas, das rodovias , das vias de t;Não
Transitar com o veículo com as dimensões de sua carga superiores à sinalização,;Não
Não dar imediata ciência da imobilização do veículo em caso de acidente;Não
Deixar responsável de promover baixa registro de veíc irrecuperável/desmontado;Não
Não comparecer ao local do acidente quando expres. convocado pela autorid. comp.;Não
Transitar com o veículo derramando, lançando ou arrastando sobre a via, carga qu;Não
Entregar a direção do veículo a pessoa sem usar lentes corretoras de visão, apar;Não
Entregar veículo a pessoa com CNH cassada;Não
Não prestar os necessários esclarecimentos técnicos em situação de acidente;Não
Não prestar os necessários esclarecimentos técnicos em situação de emergência;Não
Expedir produto perigoso mal acondicionado ou com embalagem em más condições;Não
Entregar veículo a pessoa com Permissão para Dirigir cassada;Não
Deixar de atualizar o cadastro de registro do veículo;Não
Transportar juntamente com produto perigoso, pessoas, animais, alimentos ou medi;Não
Dirigir veículo sem possuir CNH;Não
Conduzir o veículo com o lacre, a inscrição do chassi, o selo, a placa ou qualqu;Não
Conduzir veíc de transp passag ou carga em desacordo c/ as cond do art 67-C CTB;Não
Deixar de dar passagem a veíc de polícia em serviço de urgência devid identif;Não
Usar buzina prolongada e sucessivamente a qualquer pretexto;Não
Transitar com o facho de luz alta perturbando visão outro condutor;Não
Usar no veículo equip c/ som em volume/freqüência não autorizados pelo Contran;Não
Estacionar ao lado ou sobre marcas de canalização;Não
Estacionar em desacordo com a regulamentação especificada pela sinalização;Não
Entregar veículo a pessoa com CNH/PPD vencida há mais de 30 dias;Não
Estacionar no ponto de embarque/desembarque de passageiros transporte coletivo;Não
Estacionar em desacordo com a regulamentação -vaga idoso;Não
Usar buzina entre as vinte e duas e as seis horas;Não
Organizar as condutas previstas no caput do art. 253-A;Não
Deixar de dar passagem aos veículos precedidos de batedores, de socorro de incên;Não
Permitir que tome posse do veículo automotor e passe a conduzi-lo na via, a pess;Não
Obstaculizar a via indevidamente-agravamento 5X;Não
Transportar produto perigoso sem utilizar nas embalagens e no veículo, rótulos d;Não
Dirigir veículo sem a renovação da licença para conduzir;Não
Transportar produto a granel sem utilizar o tacógrafo ou não apresentar o disco;Não
Ultrapassar pela contramão outro veículo nas pontes, viadutos e túneis;Não
Ultrapassar pela contramão outro veículo nas curvas, aclives e declives sem visi;Não
Conduzir motocicleta, motoneta, ciclomotor e ciclo transportando carga incompatí;Não
Transitar com o veículo em calçadas, passeios, passarelas, ciclovias, ciclofaixa;Não
Conduzir pessoas, animais ou cargas nas partes externas do veículo salvo nos cas;Não
Deixar de atualizar o cadastro de habilitação do condutor;Não
Deixar de sinalizar a via, de forma a prevenir os demais condutores e, à noite,;Não
Dirigir sob influência de álcool, em nível superior a seis decigramas por litro;Não
Transportar produto perigoso em veículo desprovido de equipamento para situação;Não
Executar operação de retorno com prejuízo da livre circulação, ainda que em loca;Não
Dirigir sob influência de substância que determine dependência física ou psíquic;Não
Colocar, em veículo próprio, placas de identificação não autorizadas pela regula;Não
Expedir produto perigoso com a embalagem em más condições;Não
Conduzir o veículo que não esteja registrado e devidamente licenciado;Não
Transpor , sem autorização bloqueio viário com ou sem sinalização ou dispositivo;Não
Em mov de dia, deixar de manter acesa luz baixa veíc transp coletivo faixas/pistas destinadas;Não
Multa, por não identificação do condutor infrator, imposta à pessoa jurídica;Não
Estacionar o veículo em declive, não estando devidamente freado e sem calço de s;Não
Em mov deix de man aces luz baixa de dia, em rod pis simp sit fora per urb, veíc desp luz rod diur;Não
Conduzir motocicleta, motoneta ou ciclomotor sem capacete de segurança;Não
Conduzir motocicleta/motoneta/ciclomotor transportando criança menor de 10 anos de idade;Não
Em movimento de dia, deixar de manter acesa luz baixa de motocicletas/motonetas/ciclomotores;Não
Deixar de conduzir pelo bordo da pista em fila única veículo de tração animal;Não
Descrição da infração abreviada: Conduzir motoc/moton/ efet transp remun desac n;Não
Conduzir motoc/moton/ efetuando transp remun mercadorias desac c/ art 139-A CTB;Não
Usar veículo para, deliberadamente, interromper, a circulação na via;Não
Usar veículo para, deliberadamente, perturbar, a circulação na via;Não
Deixar de efetuar pagamento, pelo uso de rodovias e viasurbanas, na forma estabelecida;Não
Conduzir motocicleta, motoneta ou ciclomotor sem vestuário de acordo com normas apr pelo Contran;Não
Não dar imediata ciência da imobilização do veículo em caso de emergência, acide;Não
Avançar o sinal vermelho do semáforo, exc houver sinaliz perm livre conv à direita ,fisc eletrônica;Não
Transitar com o veículo na faixa da esquerda regulamentada como de circulação ex;Não
Cond veíc exig hab C, D ou E sem realizar ex toxic prev no § 2º do art 148-A, após 30 dias do venc;Não
Conduzir motoc/ moton/ ciclom transp pass c/ cap seg c/ viseira/óculos prot em des c/ regul Contran;Não
Conduzir motoc/ moton/ ciclom transp pass c/ capacete de segurança s/ viseira/óculos de proteção;Não
Conduzir motoc/ moton/ ciclom c/ utilização de capacete de segurança s/ viseira/óculos de proteção;Não
Em movimento de dia, deixar de manter acesa luz baixa em túneis;Não
Avançar o sinal vermelho do semáforo, exc onde houver sinaliz que perm livre conv à direita;Não
Parar o veículo sobre ciclovia ou ciclofaixa;Não
Deixar seguradora de comunicar ocorrência perda total veíc e devolver placas/doc;Não
Transitar com o veículo na pista da esquerda regulamentada como de circulação ex;Não
Transitar com o veículo na faixa da direita regulamentada como de circulação exc;Não
Obstaculizar a via indevidamente-agravamento 3X;Não
Deixar de sinalizar obstáculo à circulação/segurança calçada/pista-s/agravamento;Não
Utilizar a via para depósito de mercadorias, materiais ou equipamentos;Não
Obstaculizar a via indevidamente-s/agravamento;Não
Fazer falsa declaração de domicílio para fins de habilitação;Não
Permitir que tome posse do veículo e passe a conduzi-lo na via a pessoa sem a re;Não
Deixar de parar o veículo no acostamento à direita, para aguardar a oportunidade;Não
Executar operação de retorno com prejuízo da segurança, ainda que em locais perm;Não
Dirigir o veículo sem usar lentes corretoras de visão, aparelho auxiliar de audi;Não
Conduzir o veiculo com vidros total ou parcialmente cobertos por películas refle;Não
Parar o veículo nas marcas de canalização;Não
Conduzir motocicleta, motoneta ou ciclomotor sem usar capacete de segurança com;Não
Conduzir o veículo com descarga livre ou silenciador de motor de explosão defeit;Não
Transitar com farol desregulado ou com facho de luz alta de forma a perturbar  a;Não
Executar operação de retorno passando por cima de calçada, passeio, ilhas, ajard;Não
Transitar com o veículo em desacordo com a autorização especial, expedida pela A;Não
Rebocar outro veículo com corda salvo em casos de emergência;Não
Transitar com o veículo efetuando transporte remunerado de pessoas de pessoas ou;Não
Conduzir motocicleta, motoneta e ciclomotor transportando criança menor de sete;Não
Dirigir veículo com CNH ou Permissão para Dirigir de categoria diferente da do v;Não
Conduzir o veículo sem equipamento obrigatório ou estando este ineficiente ou in;Não
Usar veículo para, deliberadamente, interromper a circulação na via;Não
Conduzir o veículo em mau estado de conservação, comprometendo a segurança ou re;Não
Parar o veículo sobre a faixa de pedestre na mudança de sinal luminoso;Não
Transitar em locais e horários não permitidos pela regulamentação estabelecida p;Não
Conduzir motocicleta, motoneta ou ciclomotor transportando passageiro, sem usar;Não
Transportar junto c/ produto perigoso, animais/embalagens destin. a estes bens;Não
Conduzir motocicleta, motoneta, ciclomotor e ciclo sem segurar o guidom com amba;Não
Permitir que tome posse do veículo automotor e passe a condu;Não
Em movimento de dia, deixar de manter acesa luz baixa sob chuva, neblina ou cerração;Não
Conduzir motoc/ moton/ ciclom c/ útil capacete de seg c/ viseira/óculos prot em des c/ regul Contran;Não
Conduzir ciclomotor em via de trânsito rápido;Não
É proibido ao pedestre cruzar pistas de rolamento nos viadutos, pontes ou túneis;Não
Deixar de sinalizar obstáculo circulação/segurança calçada/pista-agravamento 2X;Não
Parar o veículo na área de cruzamento de vias, prejudicando a circulação de pede;Não
Conduzir  ciclomotor em rodovias salvo onde houver acostamento ou faixa de rolam;Não
Estacionar o veículo em aclive, não estando devidamente freado e sem calço de se;Não
Conduzir ciclo e ciclomotor em vias de trânsito rápido ou rodovias salvo, onde h;Não
Transportar produto cujo desloc. rodov. seja proibido pelo Ministério do Transp.;Não
